address,state,zipcode
"9750 Edwards Plains Apt. 218, Fort Hemingsworth, AL 35118",AL,35118
"953 Kyle Loop, Johnview, MT 59065",MT,59065
"1919 Joshua Square Suite 643, Carmen Town, WY 83111",WY,83111
"4398 Smith Drive, West Manchester, NC 27849",NC,27849
"829 Zimmerman Points Suite 688, Port Eduardo, FL 32325",FL,32325
"968 Gilmore Stravenue, Jasonville, MD 21086",MD,21086
"29077 Torres Square Suite 890, Rayshire, MN 55084",MN,55084
"7858 Kristen Forest Apt. 194, Thompsonstad, PA 15682",PA,15682
"2935 Steven Canyon Apt. 647, New Rochelle, IA 50557",IA,50557
"2935 Steven Canyon Apt. 346, Middleton, ID 83644",ID,83644
"217 W Center St La Plata, MO 63550",MO,63550
"7119 Brendan Common Apt. 635, North Diana, UT 84739",UT,84739
"7178 Bryan Bridge, Lakewood, SD 57442",SD,57442
"310 Union Square Apt 643, New York, NY",NY,10471
"16347 King Summit, Rosedale, NY 10471",NY,10471
