person_id,address
1,"9750 Edwards Plains Apt. 218, Fort Hemingsworth, AL 35118"
2,"953 Kyle Loop, Johnview, MT 59065"
3,"953 Kyle Loop, Johnview, MT 59065"
4,"1919 Joshua Square Suite 643, Carmen Town, WY 83111"
5,"4398 Smith Drive, West Manchester, NC 27849"
6,"2935 Steven Canyon Apt. 647, New Rochelle, IA 50557"
7,"829 Zimmerman Points Suite 688, Port Eduardo, FL 32325"
8,"968 Gilmore Stravenue, Jasonville, MD 21086"
9,"953 Kyle Loop, Johnview, MT 59065"
10,"310 Union Square Apt 643, New York, NY"
11,"16347 King Summit, Rosedale, NY 10471"
12,"7178 Bryan Bridge, Lakewood, SD 57442"
13,"7119 Brendan Common Apt. 635, North Diana, UT 84739"
14,"829 Zimmerman Points Suite 688, Port Eduardo, FL 32325"
15,"29077 Torres Square Suite 890, Rayshire, MN 55084"
16,"7858 Kristen Forest Apt. 194, Thompsonstad, PA 15682"
17,"16347 King Summit, Rosedale, NY 10471"
18,"2935 Steven Canyon Apt. 346, Middleton, ID 83644"
19,"217 W Center St La Plata, MO 63550"
20,"7178 Bryan Bridge, Lakewood, SD 57442"
21,"1919 Joshua Square Suite 643, Carmen Town, WY 83111"
