person_id,name,email
1,Christopher,c49martinez@gmail.com
2,Ethan,eth2ochoa@yahoo.com
3,Carol,cg_campbell_marks@hotmail.com
4,George,georodaw366@hotmail.com
5,Samantha,smking7@gmail.com
6,Kimberly,kddavis89@gmail.com
7,Karissa,kpnichols_malone@gmail.com
8,Edward,ezimmerman@yahoo.com
9,Keith,keithbmendez@gmail.com
10,Xi,xiren@gmail.com
11,Michael,mgallenker@yahoo.com
12,Joy,jelliott234@gmail.com
13,Jon,jg_russell@hotmail.com
14,Alexis,alxswanson24@yahoo.com
15,Anna,amrowland@gmail.com
16,Philip,phgreen22@gmail.com
17,Casey,c245brown@yahoo.com
18,Amanda,arrodinger@yahoo.com
19,Rebecca,rebhoffman356@hotmail.com
20,Mary,mrsmooney31@hotmail.com
21,Rhea,rh2schultz@gmail.com
